{
    "name": "hotdox76-V2_Y&R",
    "vendorId": "0xAA96",
    "productId": "0xAAA9",
    "lighting": "qmk_rgblight",
    "matrix": {
        "rows": 12,
        "cols": 7
    },
    "layouts": {
        "keymap": [
            [
              {
                "x": 3.5
              },
              "5,3",
              {
                "x": 10.5
              },
              "11,3"
            ],
            [
              {
                "y": -0.875,
                "x": 2.5
              },
              "5,2",
              {
                "x": 1
              },
              "5,4",
              {
                "x": 8.5
              },
              "11,4",
              {
                "x": 1
              },
              "11,2"
            ],
            [
              {
                "y": -0.875,
                "x": 5.5
              },
              "5,5",
              "5,6",
              {
                "x": 4.5
              },
              "11,6",
              "11,5"
            ],
            [
              {
                "y": -0.875,
                "w": 1.5
              },
              "5,0",
              "5,1",
              {
                "x": 14.5
              },
              "11,1",
              {
                "w": 1.5
              },
              "11,0"
            ],
            [
              {
                "y": -0.375,
                "x": 3.5
              },
              "4,3",
              {
                "x": 10.5
              },
              "10,3"
            ],
            [
              {
                "y": -0.875,
                "x": 2.5
              },
              "4,2",
              {
                "x": 1
              },
              "4,4",
              {
                "x": 8.5
              },
              "10,4",
              {
                "x": 1
              },
              "10,2"
            ],
            [
              {
                "y": -0.875,
                "x": 5.5
              },
              "4,5",
              {
                "h": 1.5
              },
              "4,6",
              {
                "x": 4.5,
                "h": 1.5
              },
              "10,6",
              "10,5"
            ],
            [
              {
                "y": -0.875,
                "w": 1.5
              },
              "4,0",
              "4,1",
              {
                "x": 14.5
              },
              "10,1",
              {
                "w": 1.5
              },
              "10,0"
            ],
            [
              {
                "y": -0.375,
                "x": 3.5
              },
              "3,3",
              {
                "x": 10.5
              },
              "9,3"
            ],
            [
              {
                "y": -0.875,
                "x": 2.5
              },
              "3,2",
              {
                "x": 1
              },
              "3,4",
              {
                "x": 8.5
              },
              "9,4",
              {
                "x": 1
              },
              "9,2"
            ],
            [
              {
                "y": -0.875,
                "x": 5.5
              },
              "3,5",
              {
                "x": 6.5
              },
              "9,5"
            ],
            [
              {
                "y": -0.875,
                "w": 1.5
              },
              "3,0",
              "3,1",
              {
                "x": 14.5
              },
              "9,1",
              {
                "w": 1.5
              },
              "9,0"
            ],
            [
              {
                "y": -0.625,
                "x": 6.5,
                "h": 1.5
              },
              "2,6",
              {
                "x": 4.5,
                "h": 1.5
              },
              "8,6"
            ],
            [
              {
                "y": -0.75,
                "x": 3.5
              },
              "2,3",
              {
                "x": 10.5
              },
              "8,3"
            ],
            [
              {
                "y": -0.875,
                "x": 2.5
              },
              "2,2",
              {
                "x": 1
              },
              "2,4",
              {
                "x": 8.5
              },
              "8,4",
              {
                "x": 1
              },
              "8,2"
            ],
            [
              {
                "y": -0.875,
                "x": 5.5
              },
              "2,5",
              {
                "x": 6.5
              },
              "8,5"
            ],
            [
              {
                "y": -0.875,
                "w": 1.5
              },
              "2,0",
              "2,1",
              {
                "x": 14.5
              },
              "8,1",
              {
                "w": 1.5
              },
              "8,0"
            ],
            [
              {
                "y": -0.375,
                "x": 3.5
              },
              "1,3",
              {
                "x": 10.5
              },
              "7,3"
            ],
            [
              {
                "y": -0.875,
                "x": 2.5
              },
              "1,2",
              {
                "x": 1
              },
              "1,4",
              {
                "x": 8.5
              },
              "7,4",
              {
                "x": 1
              },
              "7,2"
            ],
            [
              {
                "y": -0.75,
                "x": 0.5
              },
              "1,0",
              "1,1",
              {
                "x": 14.5
              },
              "7,1",
              "7,0"
            ],
            [
              {
                "r": 30,
                "rx": 6.5,
                "ry": 4.25,
                "y": -1,
                "x": 1
              },
              "0,5",
              "0,6"
            ],
            [
              {
                "h": 2
              },
              "0,3",
              {
                "h": 2
              },
              "0,2",
              "0,4"
            ],
            [
              {
                "x": 2
              },
              "0,1"
            ],
            [
              {
                "r": -30,
                "rx": 13,
                "y": -1,
                "x": -3
              },
              "6,6",
              "6,5"
            ],
            [
              {
                "x": -3
              },
              "6,4",
              {
                "h": 2
              },
              "6,2",
              {
                "h": 2
              },
              "6,3"
            ],
            [
              {
                "x": -3
              },
              "6,1"
            ]
          ]
    }
}
